date,sales,category
2014-01-01,367450.7122951685,Retail Total
2014-02-01,359186.5396841129,Retail Total
2014-03-01,412236.3364748717,Retail Total
2014-04-01,426626.9604511624,Retail Total
2014-05-01,401529.7161858726,Retail Total
2014-06-01,402790.4666541657,Retail Total
2014-07-01,451251.21744269494,Retail Total
2014-08-01,440335.05034905835,Retail Total
2014-09-01,403041.9178244211,Retail Total
2014-10-01,419482.9384689155,Retail Total
2014-11-01,485653.7766246198,Retail Total
2014-12-01,486879.5999149335,Retail Total
2015-01-01,378755.4844936586,Retail Total
2015-02-01,347687.3509519818,Retail Total
2015-03-01,391773.2913358339,Retail Total
2015-04-01,410473.2500865955,Retail Total
2015-05-01,404975.60042187443,Retail Total
2015-06-01,426142.2814175005,Retail Total
2015-07-01,429068.7144974339,Retail Total
2015-08-01,422765.0243119034,Retail Total
2015-09-01,447194.81556743674,Retail Total
2015-10-01,423083.9437279961,Retail Total
2015-11-01,508744.0155072937,Retail Total
2015-12-01,487620.3738454536,Retail Total
2016-01-01,382086.3599724584,Retail Total
2016-02-01,393176.4438876648,Retail Total
2016-03-01,415508.20558236295,Retail Total
2016-04-01,439669.0837205632,Retail Total
2016-05-01,426284.53729827673,Retail Total
2016-06-01,432179.21560184035,Retail Total
2016-07-01,448789.5268669792,Retail Total
2016-08-01,486859.8030197349,Retail Total
2016-09-01,440133.67608271254,Retail Total
2016-10-01,425730.9747211237,Retail Total
2016-11-01,535195.3165386907,Retail Total
2016-12-01,505804.99230925814,Retail Total
2017-01-01,408511.10518557555,Retail Total
2017-02-01,377243.60360398825,Retail Total
2017-03-01,427976.36893038906,Retail Total
2017-04-01,452112.5824035831,Retail Total
2017-05-01,461497.166767158,Retail Total
2017-06-01,454251.1964867571,Retail Total
2017-07-01,471206.45223476464,Retail Total
2017-08-01,469685.1252384296,Retail Total
2017-09-01,433284.35501843813,Retail Total
2017-10-01,445925.02594970964,Retail Total
2017-11-01,531073.6117129141,Retail Total
2017-12-01,555100.5308722754,Retail Total
2018-01-01,425658.47602419916,Retail Total
2018-02-01,395319.10355191195,Retail Total
2018-03-01,467886.46962495556,Retail Total
2018-04-01,458509.4800794695,Retail Total
2018-05-01,455392.3884828056,Retail Total
2018-06-01,475981.86702168867,Retail Total
2018-07-01,503532.2197281956,Retail Total
2018-08-01,503296.9328791799,Retail Total
2018-09-01,457999.9724457781,Retail Total
2018-10-01,467210.55385803006,Retail Total
2018-11-01,558078.1951685324,Retail Total
2018-12-01,569002.9248059951,Retail Total
2019-01-01,428442.63853316096,Retail Total
2019-02-01,434105.87165256374,Retail Total
2019-03-01,461556.2358941113,Retail Total
2019-04-01,461468.6653446723,Retail Total
2019-05-01,492860.15624347597,Retail Total
2019-06-01,502276.37353780604,Retail Total
2019-07-01,502113.12548721937,Retail Total
2019-08-01,519506.7749809854,Retail Total
2019-09-01,491138.8260900002,Retail Total
2019-10-01,477297.99359688954,Retail Total
2019-11-01,573656.2282002732,Retail Total
2019-12-01,592566.3468163172,Retail Total
2020-01-01,450218.9119343591,Retail Total
2020-02-01,475486.46155989915,Retail Total
2020-03-01,453981.13436302356,Retail Total
2020-04-01,506866.35269167874,Retail Total
2020-05-01,497104.0253513037,Retail Total
2020-06-01,492573.7132724237,Retail Total
2020-07-01,519695.739379125,Retail Total
2020-08-01,489766.2982137597,Retail Total
2020-09-01,497545.25781689107,Retail Total
2020-10-01,507457.52890881064,Retail Total
2020-11-01,605529.7552089378,Retail Total
2020-12-01,576847.795465391,Retail Total
2021-01-01,453754.94889777864,Retail Total
2021-02-01,459616.5014890891,Retail Total
2021-03-01,522134.3931100689,Retail Total
2021-04-01,514595.1321911137,Retail Total
2021-05-01,502977.9666913935,Retail Total
2021-06-01,519883.8854462802,Retail Total
2021-07-01,534901.5413914812,Retail Total
2021-08-01,549235.5572109346,Retail Total
2021-09-01,505435.59014646156,Retail Total
2021-10-01,512311.958557336,Retail Total
2021-11-01,592605.7726610008,Retail Total
2021-12-01,577795.174937682,Retail Total
2022-01-01,485450.2075173132,Retail Total
2022-02-01,486184.7366457235,Retail Total
2022-03-01,523606.1136143428,Retail Total
2022-04-01,521271.10896575934,Retail Total
2022-05-01,504819.859037311,Retail Total
2022-06-01,521001.2445282675,Retail Total
2022-07-01,543430.710823527,Retail Total
2022-08-01,537797.773734785,Retail Total
2022-09-01,528673.1512997998,Retail Total
2022-10-01,538413.7040286887,Retail Total
2022-11-01,641906.2338963092,Retail Total
2022-12-01,617492.6167723095,Retail Total
2023-01-01,499997.70964235405,Retail Total
2023-02-01,496278.2692467007,Retail Total
2023-03-01,509873.8939553882,Retail Total
2023-04-01,539518.2582548164,Retail Total
2023-05-01,542079.9237373507,Retail Total
2023-06-01,579385.6064771953,Retail Total
2023-07-01,560812.0645198798,Retail Total
2023-08-01,569481.1933282814,Retail Total
2023-09-01,545697.8108493794,Retail Total
2023-10-01,529948.8210323458,Retail Total
2023-11-01,645881.8380160447,Retail Total
2023-12-01,641278.9954903016,Retail Total
